DATE,CLOSE,VOLUME
2014-09-17,457.334015,21056800
2014-09-18,424.440002,34483200
2014-09-19,394.795990,37919700
2014-09-20,408.903992,36863600
2014-09-21,398.821014,26580100
2014-09-22,402.152008,24127600
2014-09-23,435.790985,45099500
2014-09-24,423.204987,30627700
2014-09-25,411.574005,26814400
2014-09-26,404.424988,21460800
2014-09-27,399.519989,15029300
2014-09-28,377.181000,23613300
2014-09-29,375.467010,32497700
2014-09-30,386.944000,34707300
2014-10-01,383.614990,26229400
2014-10-02,375.071991,21777700
2014-10-03,359.511993,30901200
2014-10-04,328.865997,47236500
2014-10-05,320.510010,83308096
2014-10-06,330.079010,79011800
2014-10-07,336.187012,49199900
2014-10-08,352.940002,54736300
2014-10-09,365.026001,83641104
2014-10-10,361.562012,43665700
2014-10-11,362.299011,13345200
2014-10-12,378.549011,17552800
2014-10-13,390.414001,35221400
2014-10-14,400.869995,38491500
2014-10-15,394.773010,25267100
2014-10-16,382.556000,26990000
2014-10-17,383.757996,13600700
2014-10-18,391.441986,11416800
2014-10-19,389.545990,5914570
2014-10-20,382.845001,16419000
2014-10-21,386.475006,14188900
2014-10-22,383.157990,11641300
2014-10-23,358.416992,26456900
2014-10-24,358.345001,15585700
2014-10-25,347.270996,18127500
2014-10-26,354.704010,11272500
2014-10-27,352.989014,13033000
2014-10-28,357.618011,7845880
2014-10-29,335.591003,18192700
2014-10-30,345.304993,30177900
2014-10-31,338.321014,12545400
2014-11-01,325.748993,16677200
2014-11-02,325.891998,8603620
2014-11-03,327.553986,12948500
2014-11-04,330.492004,15655500
2014-11-05,339.485992,19817200
2014-11-06,349.290009,18797000
2014-11-07,342.415009,16834200
2014-11-08,345.488007,8535470
2014-11-09,363.264008,24205600
2014-11-10,366.924011,30450100
2014-11-11,367.695007,15838900
2014-11-12,423.561005,45783200
2014-11-13,420.734985,58945000
2014-11-14,397.817993,29589200
2014-11-15,376.132996,15727500
2014-11-16,387.881989,11905600
2014-11-17,387.407990,41518800
2014-11-18,375.197998,32222500
2014-11-19,380.554993,18931800
2014-11-20,357.839996,25233200
2014-11-21,350.847992,29850100
2014-11-22,352.920013,15273000
2014-11-23,367.572998,15151600
2014-11-24,376.901001,30930100
2014-11-25,375.347992,25442200
2014-11-26,368.369995,18601700
2014-11-27,369.670013,8748030
2014-11-28,376.446991,22946500
2014-11-29,375.490997,15375600
2014-11-30,378.046997,9194440
2014-12-01,379.244995,11763000
2014-12-02,381.315002,12364100
2014-12-03,375.010010,13340100
2014-12-04,369.604004,14529600
2014-12-05,376.854004,15181800
2014-12-06,374.785004,7009320
2014-12-07,375.095001,6491650
2014-12-08,361.908997,18898700
2014-12-09,352.218994,32915500
2014-12-10,346.364990,16427700
2014-12-11,350.506012,32431300
2014-12-12,352.541992,16989800
2014-12-13,347.376007,11675900
2014-12-14,351.631989,12415200
2014-12-15,345.345001,17264200
2014-12-16,327.062012,30864900
2014-12-17,319.776001,37567900
2014-12-18,311.395996,39173000
2014-12-19,317.842987,23823100
2014-12-20,329.955994,20856700
2014-12-21,320.842987,15207600
2014-12-22,331.885986,22315100
2014-12-23,334.571991,16574200
2014-12-24,322.533997,15092300
2014-12-25,319.007996,9883640
2014-12-26,327.924011,16410500
2014-12-27,315.863007,15185200
2014-12-28,317.239014,11676600
2014-12-29,312.670013,12302500
2014-12-30,310.737000,12528300
2014-12-31,320.192993,13942900
2015-01-01,314.248993,8036550
2015-01-02,315.032013,7860650
2015-01-03,281.082001,33054400
2015-01-04,264.195007,55629100
2015-01-05,274.473999,43962800
2015-01-06,286.188995,23245700
2015-01-07,294.337006,24866800
2015-01-08,283.348999,19982500
2015-01-09,290.407990,18718600
2015-01-10,274.795990,15264300
2015-01-11,265.660004,18200800
2015-01-12,267.795990,18880300
2015-01-13,225.860992,72843904
2015-01-14,178.102997,97638704
2015-01-15,209.843994,81773504
2015-01-16,208.097000,38421000
2015-01-17,199.259995,23469700
2015-01-18,210.339005,30085100
2015-01-19,214.860992,18658300
2015-01-20,211.315002,24051100
2015-01-21,226.897003,29924600
2015-01-22,233.406006,33544600
2015-01-23,232.878998,24621700
2015-01-24,247.847000,24782500
2015-01-25,253.718002,33582700
2015-01-26,273.472992,106794000
2015-01-27,263.475006,44399000
2015-01-28,233.914993,44352200
2015-01-29,233.513000,32213400
2015-01-30,226.425003,26605200
2015-01-31,217.464005,23348200
2015-02-01,226.972000,29128500
2015-02-02,238.229004,30612100
2015-02-03,227.268005,40783700
2015-02-04,226.852997,26594300
2015-02-05,217.110992,22516400
2015-02-06,222.266006,24435300
2015-02-07,227.753998,21604200
2015-02-08,223.412003,17145200
2015-02-09,220.110001,27791300
2015-02-10,219.839005,21115100
2015-02-11,219.184998,17201900
2015-02-12,221.764008,15206200
2015-02-13,235.427002,42744400
2015-02-14,257.321014,49732500
2015-02-15,234.824997,56552400
2015-02-16,233.843002,28153700
2015-02-17,243.610001,27363100
2015-02-18,236.326004,25200800
2015-02-19,240.283005,18270500
2015-02-20,243.779007,23876700
2015-02-21,244.533997,12284200
2015-02-22,235.977005,19527000
2015-02-23,238.891998,16400000
2015-02-24,238.735001,14200400
2015-02-25,237.470001,11496200
2015-02-26,236.425995,13619400
2015-02-27,253.828003,44013900
2015-02-28,254.263000,13949300
2015-03-01,260.201996,25213700
2015-03-02,275.670013,40465700
2015-03-03,281.701996,50461300
2015-03-04,273.092010,41383000
2015-03-05,276.178009,41302400
2015-03-06,272.722992,28918900
2015-03-07,276.260986,17825900
2015-03-08,274.354004,22067900
2015-03-09,289.606995,59178200
2015-03-10,291.760010,67770800
2015-03-11,296.378998,33963900
2015-03-12,294.354004,32585200
2015-03-13,285.337006,31421500
2015-03-14,281.885010,22612300
2015-03-15,286.393005,11970100
2015-03-16,290.592987,21516100
2015-03-17,285.505005,21497200
2015-03-18,256.299011,57008000
2015-03-19,260.928009,52732000
2015-03-20,261.748993,18456700
2015-03-21,260.024994,17130100
2015-03-22,267.959991,18438100
2015-03-23,266.739990,22811900
2015-03-24,245.595001,40073700
2015-03-25,246.197006,35866900
2015-03-26,248.531998,25730000
2015-03-27,247.029007,17274900
2015-03-28,252.798004,16040900
2015-03-29,242.712997,21699400
2015-03-30,247.526001,23009600
2015-03-31,244.223999,22672000
2015-04-01,247.272003,22877200
2015-04-02,253.005005,26272600
2015-04-03,254.322006,23146600
2015-04-04,253.697006,12493500
2015-04-05,260.597992,19649200
2015-04-06,255.492004,20034200
2015-04-07,253.179993,18467400
2015-04-08,245.022003,30086400
2015-04-09,243.675995,21643500
2015-04-10,236.072006,28882000
2015-04-11,236.552002,16365200
2015-04-12,236.153000,12387900
2015-04-13,224.587006,31181800
2015-04-14,219.158997,31719000
2015-04-15,223.832993,22562000
2015-04-16,228.572998,24805400
2015-04-17,222.882004,20429800
2015-04-18,223.356003,12939000
2015-04-19,222.600006,15021500
2015-04-20,224.626007,18364700
2015-04-21,235.268997,24978000
2015-04-22,234.175995,23847900
2015-04-23,236.462006,17036000
2015-04-24,231.268005,21448700
2015-04-25,226.389999,13957200
2015-04-26,219.429993,28943700
2015-04-27,229.285995,38574000
2015-04-28,225.854996,21469200
2015-04-29,225.807999,18936500
2015-04-30,236.145004,33818600
2015-05-01,232.078995,18815300
2015-05-02,234.929993,12535500
2015-05-03,240.358002,18494100
2015-05-04,239.018005,21223400
2015-05-05,236.121002,23929100
2015-05-06,229.781998,29587200
2015-05-07,237.334000,29064400
2015-05-08,243.863007,27445500
2015-05-09,241.832001,19790500
2015-05-10,240.296005,15019100
2015-05-11,242.158005,20892300
2015-05-12,241.112000,19282600
2015-05-13,236.376999,27180100
2015-05-14,236.929001,24413700
2015-05-15,237.604996,16329400
2015-05-16,236.153000,11089700
2015-05-17,236.802002,11134300
2015-05-18,233.128006,16780300
2015-05-19,231.947006,14241900
2015-05-20,234.018005,15499400
2015-05-21,235.343994,15108900
2015-05-22,240.348007,27003000
2015-05-23,238.871994,14605000
2015-05-24,240.953003,11508000
2015-05-25,237.110001,14423900
2015-05-26,237.115997,16425000
2015-05-27,237.283005,18837000
2015-05-28,237.408005,13829600
2015-05-29,237.095993,14805000
2015-05-30,233.345001,14098600
2015-05-31,230.190002,14730800
2015-06-01,222.925995,26090500
2015-06-02,225.802994,20459000
2015-06-03,225.873993,17752400
2015-06-04,224.324005,14728100
2015-06-05,224.951996,18056500
2015-06-06,225.619003,11131500
2015-06-07,222.880997,13318400
2015-06-08,228.488998,23378400
2015-06-09,229.048004,28353100
2015-06-10,228.802994,15904800
2015-06-11,229.705002,14416000
2015-06-12,229.981995,14017700
2015-06-13,232.401993,13305300
2015-06-14,233.542999,12165900
2015-06-15,236.822998,19912100
2015-06-16,250.895004,41612000
2015-06-17,249.283997,43858400
2015-06-18,249.007004,30980200
2015-06-19,244.606003,23965300
2015-06-20,245.212006,20608100
2015-06-21,243.944000,10600900
2015-06-22,246.990005,17692500
2015-06-23,244.296005,15108700
2015-06-24,240.514999,17344900
2015-06-25,242.798996,16133100
2015-06-26,243.593994,13983500
2015-06-27,250.990005,20488600
2015-06-28,249.011002,15137600
2015-06-29,257.063995,34742900
2015-06-30,263.071991,44533800
2015-07-01,258.621002,27029800
2015-07-02,255.412003,21551900
2015-07-03,256.335999,19033800
2015-07-04,260.885986,15620400
2015-07-05,271.912994,44156100
2015-07-06,269.029999,49154800
2015-07-07,266.207001,28857600
2015-07-08,270.785004,36980200
2015-07-09,269.227997,40301200
2015-07-10,284.894012,100390000
2015-07-11,293.114990,41109900
2015-07-12,310.867004,56405000
2015-07-13,292.053986,62053900
2015-07-14,287.463989,28727200
2015-07-15,285.829010,27486600
2015-07-16,278.088989,49482600
2015-07-17,279.471985,27591400
2015-07-18,274.901001,25187100
2015-07-19,273.614014,15332500
2015-07-20,278.980988,22711400
2015-07-21,275.833008,22930700
2015-07-22,277.221985,19389800
2015-07-23,276.049011,18531300
2015-07-24,288.278015,37199400
2015-07-25,288.696991,20662200
2015-07-26,292.686005,16032300
2015-07-27,293.623993,30592000
2015-07-28,294.427002,25453600
2015-07-29,289.589996,24672600
2015-07-30,287.721985,21635800
2015-07-31,284.649994,23629100
2015-08-01,281.601013,18995000
2015-08-02,282.614014,17722200
2015-08-03,281.226990,21474100
2015-08-04,285.217987,21908700
2015-08-05,281.881989,20128000
2015-08-06,278.576996,18792100
2015-08-07,279.584991,42484800
2015-08-08,260.997009,58533000
2015-08-09,265.083008,23789600
2015-08-10,264.470001,20979400
2015-08-11,270.385986,25433900
2015-08-12,266.376007,26815400
2015-08-13,264.079987,27685500
2015-08-14,265.679993,27091200
2015-08-15,261.550995,19321100
2015-08-16,258.506989,29717000
2015-08-17,257.976013,21617900
2015-08-18,211.078995,42147200
2015-08-19,226.684006,60869200
2015-08-20,235.350006,32275000
2015-08-21,232.569000,23173800
2015-08-22,230.389999,23205900
2015-08-23,228.169006,18406600
2015-08-24,210.494995,59220700
2015-08-25,221.608994,61089200
2015-08-26,225.830994,31808000
2015-08-27,224.768997,21905400
2015-08-28,231.395996,31336600
2015-08-29,229.779999,17142500
2015-08-30,228.761002,19412600
2015-08-31,230.056000,20710700
2015-09-01,228.121002,20575200
2015-09-02,229.283997,18760400
2015-09-03,227.182999,17482000
2015-09-04,230.298004,20962400
2015-09-05,235.018997,20671400
2015-09-06,239.839996,25473700
2015-09-07,239.847000,21192200
2015-09-08,243.606995,26879200
2015-09-09,238.167999,23635700
2015-09-10,238.477005,21215500
2015-09-11,240.106995,19224700
2015-09-12,235.229004,17962600
2015-09-13,230.511993,18478800
2015-09-14,230.643997,20997800
2015-09-15,230.304001,19177800
2015-09-16,229.091003,20144200
2015-09-17,229.809998,18935400
2015-09-18,232.975006,20242200
2015-09-19,231.492996,12712600
2015-09-20,231.212006,14444700
2015-09-21,227.085007,19678800
2015-09-22,230.617996,25009300
2015-09-23,230.283005,17254100
2015-09-24,234.529007,25097800
2015-09-25,235.143997,22363600
2015-09-26,234.339996,13724100
2015-09-27,232.757004,14179900
2015-09-28,239.141998,24713000
2015-09-29,236.686996,22691300
2015-09-30,236.059998,19743500
2015-10-01,237.548996,20488800
2015-10-02,237.292999,19677900
2015-10-03,238.729996,16482700
2015-10-04,238.259003,12999000
2015-10-05,240.382996,23335900
2015-10-06,246.063004,27535100
2015-10-07,242.968994,22999200
2015-10-08,242.304001,18515300
2015-10-09,243.931000,17353100
2015-10-10,244.940994,15912700
2015-10-11,247.050003,16827300
2015-10-12,245.307999,17388300
2015-10-13,249.507996,28198500
2015-10-14,251.988998,27462600
2015-10-15,254.320007,25223500
2015-10-16,262.868988,35901500
2015-10-17,270.640015,43199600
2015-10-18,261.643005,22434300
2015-10-19,263.437012,25258800
2015-10-20,269.463013,30889800
2015-10-21,266.272003,25637300
2015-10-22,274.023010,37808600
2015-10-23,276.496002,29442500
2015-10-24,281.653992,25942400
2015-10-25,283.679993,45717100
2015-10-26,285.299988,32108800
2015-10-27,293.787994,46331800
2015-10-28,304.618011,50808100
2015-10-29,313.855011,64495900
2015-10-30,328.015015,78305000
2015-10-31,314.165985,48598100
2015-11-01,325.431000,37001100
2015-11-02,361.188995,101918000
2015-11-03,403.416992,206162000
2015-11-04,411.562988,263900000
2015-11-05,386.354004,151824992
2015-11-06,374.470001,122687000
2015-11-07,386.481995,56625100
2015-11-08,373.368011,51817600
2015-11-09,380.256989,68224400
2015-11-10,336.819000,95797904
2015-11-11,311.084015,107070000
2015-11-12,338.152008,78477800
2015-11-13,336.752991,52003000
2015-11-14,332.906006,38612000
2015-11-15,320.165985,44213100
2015-11-16,330.751007,47980100
2015-11-17,335.093994,51001600
2015-11-18,334.589996,43783800
2015-11-19,326.148987,45011100
2015-11-20,322.022003,53152900
2015-11-21,326.927002,28200500
2015-11-22,324.536011,23439400
2015-11-23,323.045990,27478900
2015-11-24,320.045990,29362600
2015-11-25,328.205994,41666900
2015-11-26,352.683990,106105000
2015-11-27,358.041992,55179100
2015-11-28,357.381012,36816600
2015-11-29,371.294006,40409300
2015-11-30,377.321014,71701600
2015-12-01,362.488007,60452200
2015-12-02,359.187012,54160500
2015-12-03,361.045990,50714900
2015-12-04,363.183014,35784100
2015-12-05,388.949005,66282200
2015-12-06,388.782990,77762000
2015-12-07,395.536011,63455800
2015-12-08,415.562988,57801400
2015-12-09,417.562988,90917200
2015-12-10,415.479004,52138900
2015-12-11,451.937988,110944000
2015-12-12,434.997009,131969000
2015-12-13,433.755005,55050600
2015-12-14,444.182007,130496000
2015-12-15,465.321014,83121104
2015-12-16,454.933990,107944000
2015-12-17,456.078003,47978400
2015-12-18,463.615997,60220100
2015-12-19,462.321991,47892700
2015-12-20,442.684998,75409400
2015-12-21,438.639008,77639696
2015-12-22,436.571991,50840400
2015-12-23,442.401001,47161400
2015-12-24,454.984985,57157200
2015-12-25,455.653015,39078500
2015-12-26,417.273987,116166000
2015-12-27,422.822998,53591200
2015-12-28,422.278992,49638600
2015-12-29,432.983002,51596500
2015-12-30,426.619995,46889400
2015-12-31,430.566986,45996600
2016-01-01,434.334015,36278900
2016-01-02,433.437988,30096600
2016-01-03,430.010986,39633800
2016-01-04,433.091003,38477500
2016-01-05,431.959991,34522600
2016-01-06,429.105011,34042500
2016-01-07,458.048004,87562200
2016-01-08,453.230011,56993000
2016-01-09,447.610992,32278000
2016-01-10,447.990997,35995900
2016-01-11,448.428009,40450000
2016-01-12,435.690002,115607000
2016-01-13,432.371002,173888000
2016-01-14,430.306000,43945500
2016-01-15,364.330994,153351008
2016-01-16,387.536011,120352000
2016-01-17,382.299011,45319600
2016-01-18,387.167999,54403900
2016-01-19,380.148987,46819800
2016-01-20,420.230011,121720000
2016-01-21,410.261993,68338000
2016-01-22,382.492004,91546600
2016-01-23,387.490997,56247400
2016-01-24,402.971008,54824800
2016-01-25,391.726013,59062400
2016-01-26,392.153015,58147000
2016-01-27,394.971985,47424400
2016-01-28,380.289001,59247900
2016-01-29,379.473999,86125296
2016-01-30,378.255005,30284400
2016-01-31,368.766998,37894300
2016-02-01,373.056000,51656700
2016-02-02,374.447998,40378700
2016-02-03,369.949005,45933400
2016-02-04,389.593994,69285504
2016-02-05,386.549011,43825000
2016-02-06,376.522003,49249300
2016-02-07,376.619995,37076300
2016-02-08,373.446991,47671100
2016-02-09,376.028992,55318500
2016-02-10,381.648987,85130896
2016-02-11,379.653992,74375600
2016-02-12,384.263000,67042800
2016-02-13,391.859985,61911700
2016-02-14,407.230011,74469800
2016-02-15,400.184998,74070496
2016-02-16,407.488007,73093104
2016-02-17,416.321991,83193600
2016-02-18,422.372986,76752600
2016-02-19,420.785004,55711300
2016-02-20,437.164001,93992096
2016-02-21,438.798004,89820704
2016-02-22,437.747986,85385200
2016-02-23,420.735992,85244896
2016-02-24,424.954987,67743696
2016-02-25,424.544006,70798000
2016-02-26,432.152008,61486000
2016-02-27,432.519012,41893600
2016-02-28,433.503998,53033400
2016-02-29,437.696991,60694700
2016-03-01,435.122986,74895800
2016-03-02,423.989014,74955296
2016-03-03,421.651001,100484000
2016-03-04,410.938995,90856096
2016-03-05,400.570007,135384992
2016-03-06,407.707001,91212496
2016-03-07,414.321014,85762400
2016-03-08,413.971985,70311696
2016-03-09,414.859985,70012304
2016-03-10,417.131012,81022896
2016-03-11,421.690002,73969696
2016-03-12,411.623993,92712896
2016-03-13,414.065002,74322800
2016-03-14,416.437988,95259400
2016-03-15,416.829987,66781700
2016-03-16,417.010986,65185800
2016-03-17,420.621002,83528600
2016-03-18,409.548004,104940000
2016-03-19,410.444000,58423000
2016-03-20,413.755005,45947900
2016-03-21,413.307007,61655400
2016-03-22,418.088989,66813300
2016-03-23,418.040985,61444200
2016-03-24,416.394012,68346704
2016-03-25,417.177002,52560000
2016-03-26,417.945007,44650400
2016-03-27,426.765015,71229400
2016-03-28,424.230988,68522800
2016-03-29,416.515991,75411504
2016-03-30,414.816010,66034100
2016-03-31,416.729004,60215200
2016-04-01,417.959991,51235700
2016-04-02,420.872986,45681200
2016-04-03,420.903992,38053700
2016-04-04,421.444000,50634300
2016-04-05,424.029999,60718000
2016-04-06,423.412994,59091000
2016-04-07,422.744995,57858600
2016-04-08,420.348999,63454700
2016-04-09,419.411011,49792700
2016-04-10,421.563995,73478600
2016-04-11,422.483002,50747500
2016-04-12,425.190002,70728800
2016-04-13,423.734009,69060400
2016-04-14,424.282013,45281000
2016-04-15,429.713013,54801500
2016-04-16,430.571991,39392800
2016-04-17,427.398987,52125900
2016-04-18,428.591003,55670900
2016-04-19,435.509003,52810500
2016-04-20,441.389008,72890096
2016-04-21,449.424988,68204704
2016-04-22,445.737000,58804400
2016-04-23,450.282013,50485400
2016-04-24,458.554993,68198400
2016-04-25,461.425995,87091800
2016-04-26,466.088989,78971904
2016-04-27,444.687012,93564896
2016-04-28,449.010986,74064704
2016-04-29,455.096985,49258500
2016-04-30,448.317993,69322600
2016-05-01,451.875000,40660100
2016-05-02,444.669006,92127000
2016-05-03,450.303986,59366400
2016-05-04,446.721985,50407300
2016-05-05,447.976013,50440800
2016-05-06,459.602997,72796800
2016-05-07,458.536011,38364500
2016-05-08,458.548004,40315000
2016-05-09,460.483002,55493100
2016-05-10,450.894989,58956100
2016-05-11,452.727997,50605200
2016-05-12,454.765991,59849300
2016-05-13,455.670013,60845000
2016-05-14,455.670990,37209000
2016-05-15,457.567993,28514000
2016-05-16,454.162994,59171500
2016-05-17,453.782990,64100300
2016-05-18,454.618988,86850096
2016-05-19,438.714996,96027400
2016-05-20,442.675995,81987904
2016-05-21,443.187988,42762300
2016-05-22,439.322998,39657600
2016-05-23,444.154999,50582500
2016-05-24,445.980988,65783100
2016-05-25,449.598999,65231000
2016-05-26,453.384003,65203800
2016-05-27,473.463989,164780992
2016-05-28,530.039978,181199008
2016-05-29,526.232971,148736992
2016-05-30,533.864014,87958704
2016-05-31,531.385986,138450000
2016-06-01,536.919983,86061800
2016-06-02,537.971985,60378200
2016-06-03,569.193970,122020000
2016-06-04,572.726990,94925296
2016-06-05,574.976990,68874096
2016-06-06,585.536987,72138896
2016-06-07,576.596985,107770000
2016-06-08,581.645020,80265800
2016-06-09,574.630005,71301000
2016-06-10,577.469971,66991900
2016-06-11,606.726990,82357000
2016-06-12,672.783997,277084992
2016-06-13,704.375977,243295008
2016-06-14,685.559021,186694000
2016-06-15,694.468994,99223800
2016-06-16,766.307983,271633984
2016-06-17,748.908997,363320992
2016-06-18,756.226990,252718000
2016-06-19,763.781006,136184992
2016-06-20,737.226013,174511008
2016-06-21,666.651978,309944000
2016-06-22,596.116028,266392992
2016-06-23,623.976990,253462000
2016-06-24,665.299011,224316992
2016-06-25,665.122986,126656000
2016-06-26,629.367004,109225000
2016-06-27,655.275024,122134000
2016-06-28,647.000977,138384992
2016-06-29,639.890015,142456000
2016-06-30,673.336975,138980000
2016-07-01,676.296021,134431008
2016-07-02,703.702026,112354000
2016-07-03,658.664001,129512000
2016-07-04,683.661987,92008400
2016-07-05,670.627014,130476000
2016-07-06,677.330994,134960992
2016-07-07,640.562012,258091008
2016-07-08,666.523010,141970000
2016-07-09,650.960022,180536000
2016-07-10,649.359985,102532000
2016-07-11,647.658997,107910000
2016-07-12,664.551025,138172992
2016-07-13,654.468018,131449000
2016-07-14,658.078003,98511400
2016-07-15,663.255005,81673104
2016-07-16,660.767029,50330200
2016-07-17,679.458984,74407904
2016-07-18,673.106018,69465000
2016-07-19,672.864014,61203300
2016-07-20,665.684998,94636400
2016-07-21,665.012024,60491800
2016-07-22,650.619019,134169000
2016-07-23,655.556030,69532200
2016-07-24,661.284973,118184000
2016-07-25,654.096985,78176496
2016-07-26,651.783997,225135008
2016-07-27,654.351990,147460992
2016-07-28,655.034973,86428400
2016-07-29,656.992004,60703500
2016-07-30,655.046997,38456100
2016-07-31,624.681030,110818000
2016-08-01,606.271973,121887000
2016-08-02,547.465027,330932992
2016-08-03,566.354980,207982000
2016-08-04,578.289001,125292000
2016-08-05,575.043030,66127900
2016-08-06,587.778015,80797296
2016-08-07,592.690002,82398400
2016-08-08,591.054016,61194100
2016-08-09,587.801025,92228096
2016-08-10,592.103027,102905000
2016-08-11,589.119995,74514400
2016-08-12,587.559021,69218000
2016-08-13,585.588013,43563000
2016-08-14,570.473022,60851100
2016-08-15,567.239990,57262300
2016-08-16,577.439026,58405200
2016-08-17,573.216003,54443000
2016-08-18,574.317993,59896600
2016-08-19,575.630005,50631600
2016-08-20,581.697021,45301400
2016-08-21,581.307983,38299400
2016-08-22,586.752991,72844000
2016-08-23,583.414978,85349200
2016-08-24,580.182007,56328200
2016-08-25,577.760986,136130000
2016-08-26,579.651001,48856800
2016-08-27,569.947021,59698300
2016-08-28,573.911987,86301600
2016-08-29,574.106995,110398000
2016-08-30,577.502991,70342400
2016-08-31,575.471985,75840896
2016-09-01,572.302979,76923400
2016-09-02,575.536987,79910800
2016-09-03,598.211975,159014000
2016-09-04,608.633972,97942896
2016-09-05,606.590027,82446800
2016-09-06,610.435974,78529104
2016-09-07,614.544006,75032400
2016-09-08,626.315979,86713000
2016-09-09,622.861023,64550200
2016-09-10,623.508972,45016800
2016-09-11,606.718994,73610800
2016-09-12,608.242981,72812304
2016-09-13,609.241028,86920600
2016-09-14,610.684021,47877700
2016-09-15,607.155029,59464600
2016-09-16,606.973022,64963400
2016-09-17,605.984009,37140300
2016-09-18,609.874023,48679400
2016-09-19,609.226990,54796400
2016-09-20,608.312012,72710896
2016-09-21,597.148987,82776200
2016-09-22,596.297974,67085300
2016-09-23,602.841980,51067000
2016-09-24,602.625000,35359500
2016-09-25,600.825989,33977800
2016-09-26,608.043030,59153800
2016-09-27,606.166016,49422400
2016-09-28,604.728027,48722600
2016-09-29,605.692993,55658600
2016-09-30,609.734985,56122400
2016-10-01,613.982971,56357000
2016-10-02,610.892029,39249800
2016-10-03,612.132996,46798300
2016-10-04,610.203979,49801600
2016-10-05,612.510986,68077504
2016-10-06,613.020996,56812100
2016-10-07,617.120972,64071400
2016-10-08,619.107971,42345900
2016-10-09,616.752014,39243400
2016-10-10,618.994019,67481104
2016-10-11,641.072021,103590000
2016-10-12,636.192017,92370200
2016-10-13,636.786011,61620700
2016-10-14,640.377991,58144600
2016-10-15,638.645996,39035400
2016-10-16,641.630981,40298100
2016-10-17,639.192993,58063600
2016-10-18,637.960022,65546700
2016-10-19,630.520020,69381696
2016-10-20,630.856995,56957300
2016-10-21,632.828003,55951000
2016-10-22,657.294006,78556496
2016-10-23,657.070984,54474600
2016-10-24,653.760986,62218200
2016-10-25,657.588013,90378800
2016-10-26,678.304016,88877104
2016-10-27,688.312988,96105296
2016-10-28,689.651001,81145504
2016-10-29,714.479004,134760992
2016-10-30,701.864014,100665000
2016-10-31,700.971985,97064400
2016-11-01,729.793030,130527000
2016-11-02,740.828979,84865200
2016-11-03,688.700012,172808000
2016-11-04,703.234985,99907696
2016-11-05,703.418030,53752300
2016-11-06,711.521973,59902200
2016-11-07,703.130981,65047100
2016-11-08,709.848022,79660800
2016-11-09,723.273010,132429000
2016-11-10,715.533997,68807800
2016-11-11,716.411011,63119700
2016-11-12,705.054016,64622500
2016-11-13,702.031006,80318096
2016-11-14,705.020996,62993000
2016-11-15,711.619019,72038496
2016-11-16,744.197998,141294000
2016-11-17,740.976990,108579000
2016-11-18,751.585022,87363104
2016-11-19,751.616028,110608000
2016-11-20,731.026001,154116000
2016-11-21,739.247986,60802400
2016-11-22,751.346985,129906000
2016-11-23,744.593994,76543800
2016-11-24,740.289001,85919296
2016-11-25,741.648987,67807600
2016-11-26,735.382019,54962700
2016-11-27,732.034973,52601800
2016-11-28,735.812988,61888600
2016-11-29,735.604004,68511104
2016-11-30,745.690979,84070800
2016-12-01,756.773987,80461904
2016-12-02,777.943970,127605000
2016-12-03,771.155029,69547296
2016-12-04,773.872009,60557900
2016-12-05,758.700012,106363000
2016-12-06,764.223999,116218000
2016-12-07,768.132019,96426096
2016-12-08,770.809998,80111904
2016-12-09,772.794006,68705296
2016-12-10,774.650024,53843100
2016-12-11,769.731018,57313400
2016-12-12,780.086975,76571000
2016-12-13,780.556030,81645600
2016-12-14,781.481018,75979000
2016-12-15,778.088013,81580096
2016-12-16,784.906982,83608200
2016-12-17,790.828979,78989800
2016-12-18,790.530029,60524400
2016-12-19,792.713989,74886400
2016-12-20,800.875977,99629296
2016-12-21,834.281006,155576000
2016-12-22,864.539978,200027008
2016-12-23,921.984009,275564000
2016-12-24,898.822021,137727008
2016-12-25,896.182983,143664992
2016-12-26,907.609985,123771000
2016-12-27,933.197998,167308000
2016-12-28,975.921021,236630000
2016-12-29,973.497009,199320000
2016-12-30,961.237976,187474000
2016-12-31,963.742981,99135104
2017-01-01,998.325012,147775008
2017-01-02,1021.750000,222184992
2017-01-03,1043.839966,185168000
2017-01-04,1154.729980,344945984
2017-01-05,1013.380005,510199008
2017-01-06,902.200989,351876000
2017-01-07,908.585022,279550016
2017-01-08,911.198975,158715008
2017-01-09,902.828003,141876992
2017-01-10,907.679016,115808000
2017-01-11,777.757019,310928992
2017-01-12,804.833984,222326000
2017-01-13,823.984009,168968000
2017-01-14,818.411987,93063296
2017-01-15,821.797974,71013600
2017-01-16,831.533997,82755200
2017-01-17,907.937988,155095008
2017-01-18,886.617981,225676992
2017-01-19,899.072998,105625000
2017-01-20,895.026001,86728400
2017-01-21,921.789001,111158000
2017-01-22,924.672974,116573000
2017-01-23,921.012024,73588600
2017-01-24,892.687012,111349000
2017-01-25,901.541992,120831000
2017-01-26,917.585999,131958000
2017-01-27,919.750000,125594000
2017-01-28,921.590027,68979600
2017-01-29,919.495972,60851700
2017-01-30,920.382019,78227296
2017-01-31,970.403015,164582000
2017-02-01,989.023010,150110000
2017-02-02,1011.799988,145820992
2017-02-03,1029.910034,201278000
2017-02-04,1042.900024,155064000
2017-02-05,1027.339966,114208000
2017-02-06,1038.150024,111762000
2017-02-07,1061.349976,146007008
2017-02-08,1063.069946,201855008
2017-02-09,994.382996,407220000
2017-02-10,988.674011,190452000
2017-02-11,1004.450012,102261000
2017-02-12,999.181030,67530000
2017-02-13,990.642029,100607000
2017-02-14,1004.549988,137946000
2017-02-15,1007.479980,89759400
2017-02-16,1027.439941,122277000
2017-02-17,1046.209961,136474000
2017-02-18,1054.420044,99073504
2017-02-19,1047.869995,77423296
2017-02-20,1079.979980,109478000
2017-02-21,1115.300049,186868992
2017-02-22,1117.439941,136100000
2017-02-23,1166.719971,189454000
2017-02-24,1173.680054,330759008
2017-02-25,1143.839966,139960992
2017-02-26,1165.199951,116486000
2017-02-27,1179.969971,131570000
2017-02-28,1179.969971,184956000
2017-03-01,1222.500000,229056992
2017-03-02,1251.010010,368275008
2017-03-03,1274.989990,315739008
2017-03-04,1255.150024,183270000
2017-03-05,1267.119995,134127000
2017-03-06,1272.829956,153656992
2017-03-07,1223.540039,291256000
2017-03-08,1150.000000,332603008
2017-03-09,1188.489990,212283008
2017-03-10,1116.719971,563795968
2017-03-11,1175.829956,283320000
2017-03-12,1221.380005,227176000
2017-03-13,1231.920044,380276992
2017-03-14,1240.000000,245306000
2017-03-15,1249.609985,297804992
2017-03-16,1187.810059,638568000
2017-03-17,1100.229980,706598976
2017-03-18,973.817993,621302016
2017-03-19,1036.739990,406648000
2017-03-20,1054.229980,286529984
2017-03-21,1120.540039,337391008
2017-03-22,1049.140015,380840992
2017-03-23,1038.589966,248540000
2017-03-24,937.520020,491038016
2017-03-25,972.778992,435803008
2017-03-26,966.724976,303668000
2017-03-27,1045.770020,372535008
2017-03-28,1047.150024,326332000
2017-03-29,1039.969971,298457984
2017-03-30,1026.430054,352968992
2017-03-31,1071.790039,447287008
2017-04-01,1080.500000,289633984
2017-04-02,1102.170044,514187008
2017-04-03,1143.810059,580444032
2017-04-04,1133.250000,436310016
2017-04-05,1124.780029,414784000
2017-04-06,1182.680054,511222016
2017-04-07,1176.900024,317022016
2017-04-08,1175.949951,209312000
2017-04-09,1187.869995,242343008
2017-04-10,1187.130005,215883008
2017-04-11,1205.010010,216182000
2017-04-12,1200.369995,288702016
2017-04-13,1169.280029,351968992
2017-04-14,1167.540039,254827008
2017-04-15,1172.520020,203559008
2017-04-16,1182.939941,183231008
2017-04-17,1193.910034,253206000
2017-04-18,1211.670044,270524000
2017-04-19,1210.290039,288060992
2017-04-20,1229.079956,315108000
2017-04-21,1222.050049,272167008
2017-04-22,1231.709961,249320000
2017-04-23,1207.209961,258951008
2017-04-24,1250.150024,235806000
2017-04-25,1265.489990,242556000
2017-04-26,1281.079956,329631008
2017-04-27,1317.729980,449196992
2017-04-28,1316.479980,527488992
2017-04-29,1321.790039,422705984
2017-04-30,1347.890015,413115008
2017-05-01,1421.599976,713624000
2017-05-02,1452.819946,477337984
2017-05-03,1490.089966,583795968
2017-05-04,1537.670044,933548992
2017-05-05,1555.449951,946035968
2017-05-06,1578.800049,582529984
2017-05-07,1596.709961,1080029952
2017-05-08,1723.349976,1340320000
2017-05-09,1755.359985,1167920000
2017-05-10,1787.130005,915723008
2017-05-11,1848.569946,799489984
2017-05-12,1724.239990,740984000
2017-05-13,1804.910034,579635008
2017-05-14,1808.910034,437196000
2017-05-15,1738.430054,731529024
2017-05-16,1734.449951,959044992
2017-05-17,1839.089966,1064729984
2017-05-18,1888.650024,894321024
2017-05-19,1987.709961,1157289984
2017-05-20,2084.729980,961336000
2017-05-21,2041.199951,1147859968
2017-05-22,2173.399902,1942220032
2017-05-23,2320.419922,1378749952
2017-05-24,2443.639893,1725379968
2017-05-25,2304.979980,2406700032
2017-05-26,2202.419922,1763480064
2017-05-27,2038.869995,1700480000
2017-05-28,2155.800049,1147139968
2017-05-29,2255.610107,994625024
2017-05-30,2175.469971,1443970048
2017-05-31,2286.409912,1544829952
2017-06-01,2407.879883,1653180032
2017-06-02,2488.550049,1317030016
2017-06-03,2515.350098,1514950016
2017-06-04,2511.810059,1355120000
2017-06-05,2686.810059,1369309952
2017-06-06,2863.199951,2089609984
2017-06-07,2732.159912,1517709952
2017-06-08,2805.620117,1281170048
2017-06-09,2823.810059,1348950016
2017-06-10,2947.709961,2018889984
2017-06-11,2958.110107,1752400000
2017-06-12,2659.629883,2569530112
2017-06-13,2717.020020,1781200000
2017-06-14,2506.370117,1696560000
2017-06-15,2464.580078,2026259968
2017-06-16,2518.560059,1195190016
2017-06-17,2655.879883,1534509952
2017-06-18,2548.290039,1178659968
2017-06-19,2589.600098,1446840064
2017-06-20,2721.790039,1854189952
2017-06-21,2689.100098,1626579968
2017-06-22,2705.409912,1097939968
2017-06-23,2744.909912,961318976
2017-06-24,2608.719971,982750016
2017-06-25,2589.409912,1161100032
2017-06-26,2478.449951,1663280000
2017-06-27,2552.449951,1489789952
2017-06-28,2574.790039,1183869952
2017-06-29,2539.320068,949979008
2017-06-30,2480.840088,860273024
2017-07-01,2434.550049,779913984
2017-07-02,2506.469971,803747008
2017-07-03,2564.060059,964112000
2017-07-04,2601.639893,985516032
2017-07-05,2601.989990,941566016
2017-07-06,2608.560059,761956992
2017-07-07,2518.659912,917411968
2017-07-08,2571.340088,733329984
2017-07-09,2518.439941,527856000
2017-07-10,2372.560059,1111200000
2017-07-11,2337.790039,1329760000
2017-07-12,2398.840088,1117410048
2017-07-13,2357.899902,835769984
2017-07-14,2233.340088,882502976
2017-07-15,1998.859985,993608000
2017-07-16,1929.819946,1182870016
2017-07-17,2228.409912,1201760000
2017-07-18,2318.879883,1512450048
2017-07-19,2273.429932,1245100032
2017-07-20,2817.600098,2249260032
2017-07-21,2667.760010,1489449984
2017-07-22,2810.120117,1177129984
2017-07-23,2730.399902,1072840000
2017-07-24,2754.860107,866473984
2017-07-25,2576.479980,1460089984
2017-07-26,2529.449951,937404032
2017-07-27,2671.780029,789104000
2017-07-28,2809.010010,1380099968
2017-07-29,2726.449951,803745984
2017-07-30,2757.179932,705942976
2017-07-31,2875.340088,860574976
2017-08-01,2718.260010,1324669952
2017-08-02,2710.669922,1094950016
2017-08-03,2804.729980,804796992
2017-08-04,2895.889893,1002120000
2017-08-05,3252.909912,1945699968
2017-08-06,3213.939941,1105030016
2017-08-07,3378.939941,1482279936
2017-08-08,3419.939941,1752760064
2017-08-09,3342.469971,1468960000
2017-08-10,3381.280029,1515110016
2017-08-11,3650.620117,2021190016
2017-08-12,3884.709961,2219589888
2017-08-13,4073.260010,3159089920
2017-08-14,4325.129883,2463089920
2017-08-15,4181.930176,3258050048
2017-08-16,4376.629883,2272039936
2017-08-17,4331.689941,2553359872
2017-08-18,4160.620117,2941710080
2017-08-19,4193.700195,2975820032
2017-08-20,4087.659912,2109769984
2017-08-21,4001.739990,2800890112
2017-08-22,4100.520020,3764239872
2017-08-23,4151.520020,2369819904
2017-08-24,4334.680176,2037750016
2017-08-25,4371.600098,1727970048
2017-08-26,4352.399902,1511609984
2017-08-27,4382.879883,1537459968
2017-08-28,4382.660156,1959330048
2017-08-29,4579.020020,2486080000
2017-08-30,4565.299805,1937849984
2017-08-31,4703.390137,1944930048
2017-09-01,4892.009766,2599079936
2017-09-02,4578.770020,2722139904
2017-09-03,4582.959961,1933190016
2017-09-04,4236.310059,2987330048
2017-09-05,4376.529785,2697969920
2017-09-06,4597.120117,2172100096
2017-09-07,4599.879883,1844620032
2017-09-08,4228.750000,2700890112
2017-09-09,4226.060059,1386230016
2017-09-10,4122.939941,1679090048
2017-09-11,4161.270020,1557330048
2017-09-12,4130.810059,1864530048
2017-09-13,3882.590088,2219409920
2017-09-14,3154.949951,2716310016
2017-09-15,3637.520020,4148069888
2017-09-16,3625.040039,1818400000
2017-09-17,3582.879883,1239149952
2017-09-18,4065.199951,1943209984
2017-09-19,3924.969971,1563980032
2017-09-20,3905.949951,1213830016
2017-09-21,3631.040039,1411480064
2017-09-22,3630.699951,1194829952
2017-09-23,3792.399902,928113984
2017-09-24,3682.840088,768014976
2017-09-25,3926.070068,1374210048
2017-09-26,3892.350098,1043740032
2017-09-27,4200.669922,1686880000
2017-09-28,4174.729980,1712320000
2017-09-29,4163.069824,1367049984
2017-09-30,4338.709961,1207449984
2017-10-01,4403.740234,1208210048
2017-10-02,4409.319824,1431730048
2017-10-03,4317.479980,1288019968
2017-10-04,4229.359863,1116770048
2017-10-05,4328.410156,1161769984
2017-10-06,4370.810059,1069939968
2017-10-07,4426.890137,906928000
2017-10-08,4610.479980,1313869952
2017-10-09,4772.020020,1968739968
2017-10-10,4781.990234,1597139968
2017-10-11,4826.479980,1222279936
2017-10-12,5446.910156,2791610112
2017-10-13,5647.209961,3615480064
2017-10-14,5831.790039,1669030016
2017-10-15,5678.189941,1976039936
2017-10-16,5725.589844,2008070016
2017-10-17,5605.509766,1821570048
2017-10-18,5590.689941,2399269888
2017-10-19,5708.520020,1780540032
2017-10-20,6011.450195,2354429952
2017-10-21,6031.600098,2207099904
2017-10-22,6008.419922,2034630016
2017-10-23,5930.319824,2401840128
2017-10-24,5526.640137,2735699968
2017-10-25,5750.799805,1966989952
2017-10-26,5904.830078,1905040000
2017-10-27,5780.899902,1710130048
2017-10-28,5753.089844,1403920000
2017-10-29,6153.850098,2859040000
2017-10-30,6130.529785,1772150016
2017-10-31,6468.399902,2311379968
2017-11-01,6767.310059,2870320128
2017-11-02,7078.500000,4653770240
2017-11-03,7207.759766,3369860096
2017-11-04,7379.950195,2483800064
2017-11-05,7407.410156,2380410112
2017-11-06,7022.759766,3111899904
2017-11-07,7144.379883,2326340096
2017-11-08,7459.689941,4602200064
2017-11-09,7143.580078,3226249984
2017-11-10,6618.140137,5208249856
2017-11-11,6357.600098,4908680192
2017-11-12,5950.069824,8957349888
2017-11-13,6559.490234,6263249920
2017-11-14,6635.750000,3197110016
2017-11-15,7315.540039,4200880128
2017-11-16,7871.689941,5123809792
2017-11-17,7708.990234,4651670016
2017-11-18,7790.149902,3667190016
2017-11-19,8036.490234,3149319936
2017-11-20,8200.639648,3488450048
2017-11-21,8071.259766,4277609984
2017-11-22,8253.549805,3633530112
2017-11-23,8038.770020,4225179904
2017-11-24,8253.690430,5058610176
2017-11-25,8790.919922,4342060032
2017-11-26,9330.549805,5475579904
2017-11-27,9818.349609,5653320192
2017-11-28,10058.799805,6348819968
2017-11-29,9888.610352,11568799744
2017-11-30,10233.599609,8310689792
2017-12-01,10975.599609,6783119872
2017-12-02,11074.599609,5138500096
2017-12-03,11323.200195,6608309760
2017-12-04,11657.200195,6132409856
2017-12-05,11916.700195,6895260160
2017-12-06,14291.500000,12656300032
2017-12-07,17899.699219,17950699520
2017-12-08,16569.400391,21135998976
2017-12-09,15178.200195,13911300096
2017-12-10,15455.400391,13433299968
2017-12-11,16936.800781,12153900032
2017-12-12,17415.400391,14603799552
2017-12-13,16408.199219,12976900096
2017-12-14,16564.000000,13777399808
2017-12-15,17706.900391,14309999616
2017-12-16,19497.400391,12740599808
2017-12-17,19140.800781,13314599936
2017-12-18,19114.199219,14839499776
2017-12-19,17776.699219,16894499840
2017-12-20,16624.599609,22149699584
2017-12-21,15802.900391,16516599808
2017-12-22,13831.799805,22197999616
2017-12-23,14699.200195,13086000128
2017-12-24,13925.799805,11572299776
2017-12-25,14026.599609,10664699904
2017-12-26,16099.799805,13454300160
2017-12-27,15838.500000,12487600128
2017-12-28,14606.500000,12336499712
2017-12-29,14656.200195,13025500160
2017-12-30,12952.200195,14452599808
2017-12-31,14156.400391,12136299520
2018-01-01,13657.200195,10291200000
2018-01-02,14982.099609,16846600192
2018-01-03,15201.000000,16871900160
2018-01-04,15599.200195,21783199744
2018-01-05,17429.500000,23840899072
2018-01-06,17527.000000,18314600448
2018-01-07,16477.599609,15866000384
2018-01-08,15170.099609,18413899776
2018-01-09,14595.400391,16659999744
2018-01-10,14973.299805,18500800512
2018-01-11,13405.799805,16534099968
2018-01-12,13980.599609,12065699840
2018-01-13,14360.200195,12763599872
2018-01-14,13772.000000,11084099584
2018-01-15,13819.799805,12750799872
2018-01-16,11490.500000,18853799936
2018-01-17,11188.599609,18830600192
2018-01-18,11474.900391,15020399616
2018-01-19,11607.400391,10740400128
2018-01-20,12899.200195,11801700352
2018-01-21,11600.099609,9935179776
2018-01-22,10931.400391,10537400320
2018-01-23,10868.400391,9660609536
2018-01-24,11359.400391,9940989952
2018-01-25,11259.400391,8873169920
2018-01-26,11171.400391,9746199552
2018-01-27,11440.700195,7583269888
2018-01-28,11786.299805,8350360064
2018-01-29,11296.400391,7107359744
2018-01-30,10106.299805,8637859840
2018-01-31,10221.099609,8041160192
2018-02-01,9170.540039,9959400448
2018-02-02,8830.750000,12726899712
2018-02-03,9174.910156,7263790080
2018-02-04,8277.009766,7073549824
2018-02-05,6955.270020,9285289984
2018-02-06,7754.000000,13999800320
2018-02-07,7621.299805,9169280000
2018-02-08,8265.589844,9346750464
2018-02-09,8736.980469,6784820224
2018-02-10,8621.900391,7780960256
2018-02-11,8129.970215,6122189824
2018-02-12,8926.570313,6256439808
2018-02-13,8598.309570,5696719872
2018-02-14,9494.629883,7909819904
2018-02-15,10166.400391,9062540288
2018-02-16,10233.900391,7296159744
2018-02-17,11112.700195,8660880384
2018-02-18,10551.799805,8744009728
2018-02-19,11225.299805,7652089856
2018-02-20,11403.700195,9926540288
2018-02-21,10690.400391,9405339648
2018-02-22,10005.000000,8040079872
2018-02-23,10301.099609,7739500032
2018-02-24,9813.070313,6917929984
2018-02-25,9664.730469,5706939904
2018-02-26,10366.700195,7287690240
2018-02-27,10725.599609,6966179840
2018-02-28,10397.900391,6936189952
2018-03-01,10951.000000,7317279744
2018-03-02,11086.400391,7620590080
2018-03-03,11489.700195,6690570240
2018-03-04,11512.599609,6084149760
2018-03-05,11573.299805,6468539904
2018-03-06,10779.900391,6832169984
2018-03-07,9965.570313,8797910016
2018-03-08,9395.009766,7186089984
2018-03-09,9337.549805,8704190464
2018-03-10,8866.000000,5386319872
2018-03-11,9578.629883,6296370176
2018-03-12,9205.120117,6457399808
2018-03-13,9194.849609,5991139840
2018-03-14,8269.809570,6438230016
2018-03-15,8300.860352,6834429952
2018-03-16,8338.349609,5289379840
2018-03-17,7916.879883,4426149888
2018-03-18,8223.679688,6639190016
2018-03-19,8630.650391,6729110016
2018-03-20,8913.469727,6361789952
2018-03-21,8929.280273,6043129856
2018-03-22,8728.469727,5530390016
2018-03-23,8879.620117,5954120192
2018-03-24,8668.120117,5664600064
2018-03-25,8495.780273,4569880064
2018-03-26,8209.400391,5921039872
2018-03-27,7833.040039,5378250240
2018-03-28,7954.479980,4935289856
2018-03-29,7165.700195,6361229824
2018-03-30,6890.520020,6289509888
2018-03-31,6973.529785,4553269760
2018-04-01,6844.229980,4532100096
2018-04-02,7083.799805,4333440000
2018-04-03,7456.109863,5499700224
2018-04-04,6853.839844,4936000000
2018-04-05,6811.470215,5639320064
2018-04-06,6636.319824,3766810112
2018-04-07,6911.089844,3976610048
2018-04-08,7023.520020,3652499968
2018-04-09,6770.729980,4894060032
2018-04-10,6834.759766,4272750080
2018-04-11,6968.319824,4641889792
2018-04-12,7889.250000,8906250240
2018-04-13,7895.959961,7764460032
2018-04-14,7986.240234,5191430144
2018-04-15,8329.110352,5244480000
2018-04-16,8058.669922,5631309824
2018-04-17,7902.089844,6900879872
2018-04-18,8163.419922,6529909760
2018-04-19,8294.309570,7063209984
2018-04-20,8845.830078,8438110208
2018-04-21,8895.580078,7548550144
2018-04-22,8802.459961,6629899776
2018-04-23,8930.879883,6925190144
2018-04-24,9697.500000,10678800384
2018-04-25,8845.740234,11083100160
2018-04-26,9281.509766,8970559488
2018-04-27,8987.049805,7566289920
2018-04-28,9348.480469,7805479936
2018-04-29,9419.080078,8853000192
2018-04-30,9240.549805,8673920000
2018-05-01,9119.009766,7713019904
2018-05-02,9235.919922,7558159872
2018-05-03,9743.860352,10207299584
2018-05-04,9700.759766,8217829888
2018-05-05,9858.150391,7651939840
2018-05-06,9654.799805,7222280192
2018-05-07,9373.009766,7394019840
2018-05-08,9234.820313,7415869952
2018-05-09,9325.179688,7226890240
2018-05-10,9043.940430,6906699776
2018-05-11,8441.490234,8488520192
2018-05-12,8504.889648,6821380096
2018-05-13,8723.940430,5866379776
2018-05-14,8716.790039,7364149760
2018-05-15,8510.379883,6705710080
2018-05-16,8368.830078,6760220160
2018-05-17,8094.319824,5862530048
2018-05-18,8250.969727,5764190208
2018-05-19,8247.179688,4712399872
2018-05-20,8513.250000,5191059968
2018-05-21,8418.990234,5154990080
2018-05-22,8041.779785,5137010176
2018-05-23,7557.819824,6491120128
2018-05-24,7587.339844,6049220096
2018-05-25,7480.140137,4867829760
2018-05-26,7355.879883,4051539968
2018-05-27,7368.220215,4056519936
2018-05-28,7135.990234,5040600064
2018-05-29,7472.589844,5662660096
2018-05-30,7406.520020,4922540032
2018-05-31,7494.169922,5127130112
2018-06-01,7541.450195,4921460224
2018-06-02,7643.450195,4939299840
2018-06-03,7720.250000,4851760128
2018-06-04,7514.470215,4993169920
2018-06-05,7633.759766,4961739776
2018-06-06,7653.979980,4692259840
2018-06-07,7678.240234,4485799936
2018-06-08,7624.919922,4227579904
2018-06-09,7531.979980,3845220096
2018-06-10,6786.020020,5804839936
2018-06-11,6906.919922,4745269760
2018-06-12,6582.359863,4654380032
2018-06-13,6349.899902,5052349952
2018-06-14,6675.350098,5138710016
2018-06-15,6456.580078,3955389952
2018-06-16,6550.160156,3194170112
2018-06-17,6499.270020,3104019968
2018-06-18,6734.819824,4039200000
2018-06-19,6769.939941,4057029888
2018-06-20,6776.549805,3888640000
2018-06-21,6729.740234,3529129984
2018-06-22,6083.689941,5079810048
2018-06-23,6162.479980,3431360000
2018-06-24,6173.229980,4566909952
2018-06-25,6249.180176,5500810240
2018-06-26,6093.669922,3279759872
2018-06-27,6157.129883,3296219904
2018-06-28,5903.439941,3467800064
2018-06-29,6218.299805,3966230016
2018-06-30,6404.000000,4543860224
2018-07-01,6385.819824,4788259840
2018-07-02,6614.180176,4396930048
2018-07-03,6529.589844,4672309760
2018-07-04,6597.549805,4176689920
2018-07-05,6639.140137,4999240192
2018-07-06,6673.500000,4313959936
2018-07-07,6856.930176,3961080064
2018-07-08,6773.879883,3386210048
2018-07-09,6741.750000,3718129920
2018-07-10,6329.950195,4052430080
2018-07-11,6394.709961,3644859904
2018-07-12,6228.810059,3770170112
2018-07-13,6238.049805,3805400064
2018-07-14,6276.120117,2923670016
2018-07-15,6359.640137,3285459968
2018-07-16,6741.750000,4725799936
2018-07-17,7321.040039,5961950208
2018-07-18,7370.779785,6103410176
2018-07-19,7466.859863,5111629824
2018-07-20,7354.129883,4936869888
2018-07-21,7419.290039,3726609920
2018-07-22,7418.490234,3695460096
2018-07-23,7711.109863,5132480000
2018-07-24,8424.269531,7277689856
2018-07-25,8181.390137,5845400064
2018-07-26,7951.580078,4899089920
2018-07-27,8165.009766,5195879936
2018-07-28,8192.150391,3988750080
2018-07-29,8218.459961,4107190016
2018-07-30,8180.479980,5551400000
2018-07-31,7780.439941,5287530000
2018-08-01,7624.910156,4797620000
2018-08-02,7567.149902,4214110000
2018-08-03,7434.390137,4627150000
2018-08-04,7032.850098,4268390000
2018-08-05,7068.479980,3679110000
2018-08-06,6951.799805,3925900000
2018-08-07,6753.120117,4682800000
2018-08-08,6305.799805,5064430000
2018-08-09,6568.229980,4267040000
2018-08-10,6184.709961,4528680000
2018-08-11,6295.729980,4047850000
2018-08-12,6322.689941,5665250000
2018-08-13,6297.569824,4083980000
2018-08-14,6199.709961,5301700000
2018-08-15,6308.520020,4895450000
2018-08-16,6334.729980,4328420000
2018-08-17,6580.629883,4992990000
2018-08-18,6423.759766,3984520000
2018-08-19,6506.069824,3311170000
2018-08-20,6308.529785,3665100000
2018-08-21,6488.759766,3377180000
2018-08-22,6376.709961,4668110000
2018-08-23,6534.879883,3426180000
2018-08-24,6719.959961,4097820000
2018-08-25,6763.189941,3312600000
2018-08-26,6707.259766,3295500000
2018-08-27,6884.640137,4019000000
2018-08-28,7096.279785,4659940000
2018-08-29,7047.160156,4145880000
2018-08-30,6978.229980,4463250000
2018-08-31,7037.580078,4495650000
2018-09-01,7193.250000,4116050000
2018-09-02,7272.720215,4329540000
2018-09-03,7260.060059,4087760000
2018-09-04,7361.660156,4273640000
2018-09-05,6792.830078,5800460000
2018-09-06,6529.169922,5523470000
2018-09-07,6467.069824,4264680000
2018-09-08,6225.979980,3835060000
2018-09-09,6300.859863,3671890000
2018-09-10,6329.700195,3714100000
2018-09-11,6321.200195,3849910000
2018-09-12,6351.799805,4064230000
2018-09-13,6517.310059,4210910000
2018-09-14,6512.709961,4076220000
2018-09-15,6543.200195,3216300000
2018-09-16,6517.180176,3273730000
2018-09-17,6281.200195,3910780000
2018-09-18,6371.299805,4180090000
2018-09-19,6398.540039,4431340000
2018-09-20,6519.669922,4348110000
2018-09-21,6734.950195,6531940000
2018-09-22,6721.979980,4509660000
2018-09-23,6710.629883,4197500000
2018-09-24,6595.410156,4177310000
2018-09-25,6446.470215,4726180000
2018-09-26,6495.000000,4437300000
2018-09-27,6676.750000,4606810000
2018-09-28,6644.129883,5014430000
2018-09-29,6601.959961,4363690000
2018-09-30,6625.560059,4002280000
2018-10-01,6589.620117,4000970000
2018-10-02,6556.100098,3979260000
2018-10-03,6502.589844,3887310000
2018-10-04,6576.689941,3838410000
2018-10-05,6622.479980,3671500000
2018-10-06,6588.310059,3259740000
2018-10-07,6602.950195,3306630000
2018-10-08,6652.229980,3979460000
2018-10-09,6642.640137,3580810000
2018-10-10,6585.529785,3787650000
2018-10-11,6256.240234,5181640000
2018-10-12,6274.580078,3783500000
2018-10-13,6285.990234,3064030000
2018-10-14,6290.930176,3085320000
2018-10-15,6596.540039,7370770000
2018-10-16,6596.109863,4074800000
2018-10-17,6544.430176,4088420000
2018-10-18,6476.709961,3924080000
2018-10-19,6465.410156,3578870000
2018-10-20,6489.189941,3379130000
2018-10-21,6482.350098,3253610000
2018-10-22,6487.160156,3672860000
2018-10-23,6475.740234,3716150000
2018-10-24,6495.839844,3424670000
2018-10-25,6476.290039,3230550000
2018-10-26,6474.750000,3306050000
2018-10-27,6480.379883,3393250000
2018-10-28,6486.390137,3445190000
2018-10-29,6332.629883,4199910000
2018-10-30,6334.270020,3781100000
2018-10-31,6317.609863,4191240000
2018-11-01,6377.779785,3789400000
2018-11-02,6388.439941,4234870000
2018-11-03,6361.259766,3658640000
2018-11-04,6376.129883,4390020000
2018-11-05,6419.660156,4174800000
2018-11-06,6461.009766,4700040000
2018-11-07,6530.140137,4941260000
2018-11-08,6453.720215,4665260000
2018-11-09,6385.620117,4346820000
2018-11-10,6409.220215,3705320000
2018-11-11,6411.270020,3939060000
2018-11-12,6371.270020,4295770000
2018-11-13,6359.490234,4503800000
2018-11-14,5738.350098,7398940000
2018-11-15,5648.029785,7032140000
2018-11-16,5575.549805,5279320000
2018-11-17,5554.330078,4303150000
2018-11-18,5623.540039,4159680000
2018-11-19,4871.490234,7039560000
2018-11-20,4451.870117,8428290000
2018-11-21,4602.169922,6120120000
2018-11-22,4365.939941,4569370000
2018-11-23,4347.109863,4871490000
2018-11-24,3880.760010,4679500000
2018-11-25,4009.969971,6825640000
2018-11-26,3779.129883,6476900000
2018-11-27,3820.719971,5998720000
2018-11-28,4257.419922,7280280000
2018-11-29,4278.846680,6503347767
2018-11-30,4017.268555,6048016716
2018-12-01,4214.671875,5375314093
2018-12-02,4139.877930,5262697895
2018-12-03,3894.130859,5089570993
2018-12-04,3956.893799,5028069239
2018-12-05,3753.994873,5302481573
2018-12-06,3521.101807,5878333109
2018-12-07,3419.937256,6835615448
2018-12-08,3476.114746,5305024497
2018-12-09,3614.234375,4947372847
2018-12-10,3502.656006,5020968740
2018-12-11,3424.588135,4696765187
2018-12-12,3486.950195,4139364828
2018-12-13,3313.677246,4343372456
2018-12-14,3242.484863,4372763663
2018-12-15,3236.761719,3551763561
2018-12-16,3252.839111,3744248994
2018-12-17,3545.864746,5409247918
2018-12-18,3696.059082,5911325472
2018-12-19,3745.950684,6810689118
2018-12-20,4134.441406,8927129279
2018-12-21,3896.543701,7206015706
2018-12-22,4014.182617,5605823232
2018-12-23,3998.980225,6151275489
2018-12-24,4078.599121,7240968501
2018-12-25,3815.490723,6158207293
2018-12-26,3857.297607,5326547918
2018-12-27,3654.833496,5130222366
2018-12-28,3923.918701,5631554348
2018-12-29,3820.408691,4991655917
2018-12-30,3865.952637,4770578574
2018-12-31,3742.700439,4661840806
2019-01-01,3843.520020,4324200990
2019-01-02,3943.409424,5244856835
2019-01-03,3836.741211,4530215218
2019-01-04,3857.717529,4847965467
2019-01-05,3845.194580,5137609823
2019-01-06,4076.632568,5597027439
2019-01-07,4025.248291,5228625637
2019-01-08,4030.847900,5306593305
2019-01-09,4035.296387,5115905224
2019-01-10,3678.924561,6874143795
2019-01-11,3687.365479,5538712864
2019-01-12,3661.301025,4778170882
2019-01-13,3552.953125,4681302465
2019-01-14,3706.052246,5651384489
2019-01-15,3630.675293,5537192301
2019-01-16,3655.006836,5394457144
2019-01-17,3678.563965,5464420383
2019-01-18,3657.839355,5002961726
2019-01-19,3728.568359,5955691379
2019-01-20,3601.013672,5582489559
2019-01-21,3576.032471,5004347059
2019-01-22,3604.577148,5313623556
2019-01-23,3585.123047,5433755648
2019-01-24,3600.865479,5262869046
2019-01-25,3599.765869,5265847538
2019-01-26,3602.460449,5098183234
2019-01-27,3583.965820,5570752966
2019-01-28,3470.450439,6908930483
2019-01-29,3448.116943,5897159492
2019-01-30,3486.181641,5955112626
2019-01-31,3457.792725,5831198270
2019-02-01,3487.945313,5422926707
2019-02-02,3521.060791,5071623600
2019-02-03,3464.013428,5043937583
2019-02-04,3459.154053,5332718886
2019-02-05,3466.357422,5227549544
2019-02-06,3413.767822,5482196037
2019-02-07,3399.471680,5004962682
2019-02-08,3666.780273,7735623101
2019-02-09,3671.203613,6158833644
2019-02-10,3690.188232,6282256902
2019-02-11,3648.430664,6277056433
2019-02-12,3653.528564,6480384531
2019-02-13,3632.070557,6438903822
2019-02-14,3616.880859,6271044417
2019-02-15,3620.810791,6091952230
2019-02-16,3629.787598,5934744051
2019-02-17,3673.836182,7039512502
2019-02-18,3915.714355,9908216640
2019-02-19,3947.094482,9933626654
2019-02-20,3999.820557,8693373948
2019-02-21,3954.118164,7775128102
2019-02-22,4005.526611,7826525254
2019-02-23,4142.526855,8922258315
2019-02-24,3810.427490,10794227451
2019-02-25,3882.696289,9318796066
2019-02-26,3854.357910,7931218996
2019-02-27,3851.047363,8301309684
2019-02-28,3854.785400,8399767798
2019-03-01,3859.583740,7661247975
2019-03-02,3864.415039,7578786075
2019-03-03,3847.175781,7253558152
2019-03-04,3761.557129,9029175787
2019-03-05,3896.375000,10174126414
2019-03-06,3903.942627,9175291528
2019-03-07,3911.484375,9584165518
2019-03-08,3901.131592,10638638944
2019-03-09,3963.313721,10796103518
2019-03-10,3951.599854,9713267606
2019-03-11,3905.227295,10125901902
2019-03-12,3909.156250,9809887079
2019-03-13,3906.717285,9469184841
2019-03-14,3924.369141,10480789569
2019-03-15,3960.911133,9394210604
2019-03-16,4048.725830,9856166973
2019-03-17,4025.229004,8221625399
2019-03-18,4032.507324,9646954186
2019-03-19,4071.190186,9344919956
2019-03-20,4087.476318,10175916388
2019-03-21,4029.326904,10831212661
2019-03-22,4023.968262,9252935969
2019-03-23,4035.826416,9578850549
2019-03-24,4022.168213,9144851064
2019-03-25,3963.070557,10359818882
2019-03-26,3985.080811,10707678814
2019-03-27,4087.066162,10897131934
2019-03-28,4069.107178,9353915899
2019-03-29,4098.374512,10918665556
2019-03-30,4106.660156,9732688060
2019-03-31,4105.404297,9045122442
2019-04-01,4158.183105,10157794170
2019-04-02,4879.877930,21315047816
2019-04-03,4973.021973,22899891582
2019-04-04,4922.798828,18251810239
2019-04-05,5036.681152,16837325387
2019-04-06,5059.817383,16929795193
2019-04-07,5198.896973,16655416140
2019-04-08,5289.770996,17154113634
2019-04-09,5204.958496,14722104361
2019-04-10,5324.551758,15504590933
2019-04-11,5064.487793,16555616019
2019-04-12,5089.539063,13675206312
2019-04-13,5096.586426,10823289598
2019-04-14,5167.722168,10391952498
2019-04-15,5067.108398,12290155060
2019-04-16,5235.559570,11618660197
2019-04-17,5251.937988,12438480676
2019-04-18,5298.385742,13256489918
2019-04-19,5303.812500,13780238655
2019-04-20,5337.886230,13169647522
2019-04-21,5314.531250,13731844222
2019-04-22,5399.365234,14601631647
2019-04-23,5572.361816,15867308107
2019-04-24,5464.866699,17048033399
2019-04-25,5210.515625,15330283408
2019-04-26,5279.348145,16812108039
2019-04-27,5268.291016,13111274675
2019-04-28,5285.139160,12819992055
2019-04-29,5247.352539,13735490672
2019-04-30,5350.726563,13878964573
2019-05-01,5402.697266,13679528236
2019-05-02,5505.283691,14644460907
2019-05-03,5768.289551,18720780005
2019-05-04,5831.167480,17567780765
2019-05-05,5795.708496,14808830722
2019-05-06,5746.807129,15737171804
2019-05-07,5829.501465,18026409032
2019-05-08,5982.457520,15320605299
2019-05-09,6174.528809,16784645410
2019-05-10,6378.849121,19419875367
2019-05-11,7204.771484,28867562329
2019-05-12,6972.371582,27773333679
2019-05-13,7814.915039,28677672181
2019-05-14,7994.416016,32031452226
2019-05-15,8205.167969,28344112919
2019-05-16,7884.909180,33167197581
2019-05-17,7343.895508,30066644905
2019-05-18,7271.208008,21354286561
2019-05-19,8197.689453,25902422039
2019-05-20,7978.309082,23843404339
2019-05-21,7963.327637,25127245056
2019-05-22,7680.066406,24719473174
2019-05-23,7881.846680,24457107820
2019-05-24,7987.371582,25919126990
2019-05-25,8052.543945,22256813106
2019-05-26,8673.215820,26677970091
2019-05-27,8805.778320,27949839563
2019-05-28,8719.961914,24226919266
2019-05-29,8659.487305,23473479966
2019-05-30,8319.472656,29246528551
2019-05-31,8574.501953,25365190957
2019-06-01,8564.016602,22488303543
2019-06-02,8742.958008,20266216022
2019-06-03,8208.995117,22004511436
2019-06-04,7707.770996,24609731548
2019-06-05,7824.231445,21760923463
2019-06-06,7822.023438,19474611077
2019-06-07,8043.951172,19141423230
2019-06-08,7954.127930,16522722809
2019-06-09,7688.077148,16610726547
2019-06-10,8000.329590,18689275117
2019-06-11,7927.714355,17107279931
2019-06-12,8145.857422,19034432883
2019-06-13,8230.923828,18669407147
2019-06-14,8693.833008,19831162905
2019-06-15,8838.375000,18371033226
2019-06-16,8994.488281,23348550310
2019-06-17,9320.352539,15562951918
2019-06-18,9081.762695,15848210535
2019-06-19,9273.521484,15546809946
2019-06-20,9527.160156,17846823783
2019-06-21,10144.556641,20624008643
2019-06-22,10701.691406,29995204860
2019-06-23,10855.371094,20998326501
2019-06-24,11011.102539,19271652364
2019-06-25,11790.916992,24879684533
2019-06-26,13016.231445,45105733173
2019-06-27,11182.806641,39977475222
2019-06-28,12407.332031,35087757765
2019-06-29,11959.371094,29923961127
2019-06-30,10817.155273,27256473494
2019-07-01,10583.134766,29378589324
2019-07-02,10801.677734,31015895222
2019-07-03,11961.269531,30796494293
2019-07-04,11215.437500,25920294033
2019-07-05,10978.459961,23838480210
2019-07-06,11208.550781,21092024306
2019-07-07,11450.846680,19369044276
2019-07-08,12285.958008,23482551458
2019-07-09,12573.812500,28167921522
2019-07-10,12156.512695,33627574244
2019-07-11,11358.662109,28595327690
2019-07-12,11815.986328,23534692796
2019-07-13,11392.378906,21042616383
2019-07-14,10256.058594,22486000001
2019-07-15,10895.089844,25384047206
2019-07-16,9477.641602,24151199069
2019-07-17,9693.802734,24569921548
2019-07-18,10666.482422,25187024648
2019-07-19,10530.732422,20727426309
2019-07-20,10767.139648,20206615154
2019-07-21,10599.105469,17130580467
2019-07-22,10343.106445,16334414913
2019-07-23,9900.767578,17851916994
2019-07-24,9811.925781,17398734321
2019-07-25,9911.841797,15821952090
2019-07-26,9870.303711,14495714483
2019-07-27,9477.677734,16817809536
2019-07-28,9552.860352,13738687092
2019-07-29,9519.145508,13791445323
2019-07-30,9607.423828,13829811132
2019-07-31,10085.627930,16631520647
2019-08-01,10399.668945,17165337857
2019-08-02,10518.174805,17489094081
2019-08-03,10821.726563,15352685060
2019-08-04,10970.184570,16530894786
2019-08-05,11805.653320,23875988832
2019-08-06,11478.168945,23635107659
2019-08-07,11941.968750,22194988641
2019-08-08,11966.407227,19481591729
2019-08-09,11862.936523,18339989959
2019-08-10,11354.024414,18125355447
2019-08-11,11523.579102,15774371517
2019-08-12,11382.616211,13647198229
2019-08-13,10895.830078,16681503536
2019-08-14,10051.704102,19990838299
2019-08-15,10311.545898,22899115082
2019-08-16,10374.338867,20228207096
2019-08-17,10231.744141,13778035685
2019-08-18,10345.810547,12999813869
2019-08-19,10916.053711,16038264603
2019-08-20,10763.232422,15053082175
2019-08-21,10138.049805,19473084767
2019-08-22,10131.055664,17097508856
2019-08-23,10407.964844,15627023886
2019-08-24,10159.960938,15451030650
2019-08-25,10138.517578,14153856609
2019-08-26,10370.820313,18438654079
2019-08-27,10185.500000,14762609502
2019-08-28,9754.422852,17603790323
2019-08-29,9510.200195,17045878500
2019-08-30,9598.173828,13595263986
2019-08-31,9630.664063,11454806419
2019-09-01,9757.970703,11445355859
2019-09-02,10346.760742,17248102293
2019-09-03,10623.540039,19384917988
2019-09-04,10594.493164,16742664768
2019-09-05,10575.533203,14551239507
2019-09-06,10353.302734,19536574782
2019-09-07,10517.254883,15307366476
2019-09-08,10441.276367,13670567492
2019-09-09,10334.974609,17595943367
2019-09-10,10115.975586,14906809639
2019-09-11,10178.372070,15428063426
2019-09-12,10410.126953,15323563925
2019-09-13,10360.546875,14109864674
2019-09-14,10358.048828,13468713124
2019-09-15,10347.712891,12043433567
2019-09-16,10276.793945,15160167778
2019-09-17,10241.272461,15304603363
2019-09-18,10198.248047,16169268880
2019-09-19,10266.415039,19937691247
2019-09-20,10181.641602,14734189639
2019-09-21,10019.716797,13425266806
2019-09-22,10070.392578,13199651698
2019-09-23,9729.324219,15144925408
2019-09-24,8620.566406,25002886688
2019-09-25,8486.993164,21744728352
2019-09-26,8118.967773,19258205289
2019-09-27,8251.845703,16408941155
2019-09-28,8245.915039,14141152736
2019-09-29,8104.185547,13034629108
2019-09-30,8293.868164,17115474183
2019-10-01,8343.276367,15305343412
2019-10-02,8393.041992,13125712442
2019-10-03,8259.992188,13668823409
2019-10-04,8205.939453,13139456229
2019-10-05,8151.500488,12200497197
2019-10-06,7988.155762,13160830305
2019-10-07,8245.623047,18009742607
2019-10-08,8228.783203,15592264032
2019-10-09,8595.740234,19384942333
2019-10-10,8586.473633,17618660671
2019-10-11,8321.756836,19604381101
2019-10-12,8336.555664,14532641604
2019-10-13,8321.005859,13808286058
2019-10-14,8374.686523,15151387859
2019-10-15,8205.369141,15220412631
2019-10-16,8047.526855,16071646995
2019-10-17,8103.911133,14313052244
2019-10-18,7973.207520,15651592610
2019-10-19,7988.560547,13797825640
2019-10-20,8222.078125,15504249442
2019-10-21,8243.720703,15868748865
2019-10-22,8078.203125,16803377856
2019-10-23,7514.671875,21942878957
2019-10-24,7493.488770,16268708848
2019-10-25,8660.700195,28705065488
2019-10-26,9244.972656,44496255608
2019-10-27,9551.714844,32593129500
2019-10-28,9256.148438,30948255331
2019-10-29,9427.687500,28426779937
2019-10-30,9205.726563,27706531577
2019-10-31,9199.584961,26583653946
2019-11-01,9261.104492,24324691031
2019-11-02,9324.717773,21242676385
2019-11-03,9235.354492,21132220847
2019-11-04,9412.612305,26170255634
2019-11-05,9342.527344,26198609047
2019-11-06,9360.879883,23133895764
2019-11-07,9267.561523,22700383838
2019-11-08,8804.880859,24333037836
2019-11-09,8813.582031,17578630605
2019-11-10,9055.526367,20587919881
2019-11-11,8757.788086,20265510765
2019-11-12,8815.662109,20309769107
2019-11-13,8808.262695,17545755404
2019-11-14,8708.094727,19084739974
2019-11-15,8491.992188,21796856471
2019-11-16,8550.760742,16495389808
2019-11-17,8577.975586,18668638896
2019-11-18,8309.286133,21579470673
2019-11-19,8206.145508,21083613815
2019-11-20,8027.268066,20764300436
2019-11-21,7642.750000,22514243371
2019-11-22,7296.577637,34242315784
2019-11-23,7397.796875,21008924417
2019-11-24,7047.916992,30433517289
2019-11-25,7146.133789,42685231261
2019-11-26,7218.371094,21129505542
2019-11-27,7531.663574,23991412764
2019-11-28,7463.105957,19050116751
2019-11-29,7761.243652,19709695455
2019-11-30,7569.629883,17158194786
2019-12-01,7424.292480,18720708479
2019-12-02,7321.988281,17082040705
2019-12-03,7320.145508,14797485769
2019-12-04,7252.034668,21664240918
2019-12-05,7448.307617,18816085231
2019-12-06,7546.996582,18104466306
2019-12-07,7556.237793,15453520564
2019-12-08,7564.345215,15409908086
2019-12-09,7400.899414,17872021272
2019-12-10,7278.119629,18249031194
2019-12-11,7217.427246,16350490689
2019-12-12,7243.134277,18927080224
2019-12-13,7269.684570,17125736940
2019-12-14,7124.673828,17137029729
2019-12-15,7152.301758,16881129804
2019-12-16,6932.480469,20213265949
2019-12-17,6640.515137,22363804217
2019-12-18,7276.802734,31836522778
2019-12-19,7202.844238,25904604415
2019-12-20,7218.816406,22633815180
2019-12-21,7191.158691,19312552168
2019-12-22,7511.588867,23134537956
2019-12-23,7355.628418,27831788041
2019-12-24,7322.532227,22991622105
2019-12-25,7275.155762,21559505148
2019-12-26,7238.966797,22787010034
2019-12-27,7290.088379,22777360995
2019-12-28,7317.990234,21365673026
2019-12-29,7422.652832,22445257701
2019-12-30,7292.995117,22874131671
2019-12-31,7193.599121,21167946112
2020-01-01,7200.174316,18565664996
2020-01-02,6985.470215,20802083465
2020-01-03,7344.884277,28111481031
2020-01-04,7410.656738,18444271274
2020-01-05,7411.317383,19725074094
2020-01-06,7769.219238,23276261598
2020-01-07,8163.692383,28767291326
2020-01-08,8079.862793,31672559264
2020-01-09,7879.071289,24045990465
2020-01-10,8166.554199,28714583843
2020-01-11,8037.537598,25521165085
2020-01-12,8192.494141,22903438381
2020-01-13,8144.194336,22482910687
2020-01-14,8827.764648,44841784107
2020-01-15,8807.010742,40102834649
2020-01-16,8723.786133,31313981930
2020-01-17,8929.038086,36372139320
2020-01-18,8942.808594,32337772626
2020-01-19,8706.245117,34217320471
2020-01-20,8657.642578,26422375678
2020-01-21,8745.894531,24097418512
2020-01-22,8680.875977,22600204050
2020-01-23,8406.515625,25770680778
2020-01-24,8445.434570,24397913025
2020-01-25,8367.847656,19647331548
2020-01-26,8596.830078,22177678795
2020-01-27,8909.819336,28647338393
2020-01-28,9358.589844,34398744402
2020-01-29,9316.629883,30682598115
2020-01-30,9508.993164,32378792850
2020-01-31,9350.529297,29432489719
2020-02-01,9392.875000,25922656496
2020-02-02,9344.365234,30835736946
2020-02-03,9293.521484,30934096508
2020-02-04,9180.962891,29893183716
2020-02-05,9613.423828,35222060874
2020-02-06,9729.801758,37628823715
2020-02-07,9795.943359,34522718159
2020-02-08,9865.119141,35172043761
2020-02-09,10116.673828,35807884663
2020-02-10,9856.611328,39386548074
2020-02-11,10208.236328,37648059388
2020-02-12,10326.054688,43444303830
2020-02-13,10214.379883,49356071372
2020-02-14,10312.116211,43338264161
2020-02-15,9889.424805,43865054831
2020-02-16,9934.433594,43374780305
2020-02-17,9690.142578,45998298412
2020-02-18,10141.996094,47271023953
2020-02-19,9633.386719,46992019709
2020-02-20,9608.475586,44925260236
2020-02-21,9686.441406,40930547512
2020-02-22,9663.181641,35838025154
2020-02-23,9924.515625,41185185761
2020-02-24,9650.174805,45080496648
2020-02-25,9341.705078,42515259129
2020-02-26,8820.522461,50420050761
2020-02-27,8784.494141,45470195695
2020-02-28,8672.455078,44605450442
2020-02-29,8599.508789,35792392544
2020-03-01,8562.454102,35349164300
2020-03-02,8869.669922,42857674408
2020-03-03,8787.786133,42386715820
2020-03-04,8755.246094,34746706368
2020-03-05,9078.762695,39698054597
2020-03-06,9122.545898,40826885650
2020-03-07,8909.954102,36216930369
2020-03-08,8108.116211,39973102120
2020-03-09,7923.644531,46936995808
2020-03-10,7909.729492,42213940993
2020-03-11,7911.430176,38682762604
2020-03-12,4970.788086,53980357243
2020-03-13,5563.707031,74156772074
2020-03-14,5200.366211,36154506007
2020-03-15,5392.314941,33997889638
2020-03-16,5014.479980,45368026429
2020-03-17,5225.629395,38622642935
2020-03-18,5238.438477,37878801016
2020-03-19,6191.192871,51000731797
2020-03-20,6198.778320,54442976102
2020-03-21,6185.066406,42494390879
2020-03-22,5830.254883,40099664740
2020-03-23,6416.314941,46491915999
2020-03-24,6734.803711,48221910672
2020-03-25,6681.062988,44590107887
2020-03-26,6716.440430,35319797641
2020-03-27,6469.798340,34585598366
2020-03-28,6242.193848,34885225901
2020-03-29,5922.042969,28373690930
2020-03-30,6429.841797,37101651525
2020-03-31,6438.644531,32786468812
2020-04-01,6606.776367,40346426265
2020-04-02,6793.624512,47660646124
2020-04-03,6733.387207,38976504902
2020-04-04,6867.527344,33185988583
2020-04-05,6791.129395,29510409856
2020-04-06,7271.781250,46896904614
2020-04-07,7176.414551,44243482667
2020-04-08,7334.098633,37563249548
2020-04-09,7302.089355,34815139177
2020-04-10,6865.493164,43622840991
2020-04-11,6859.083008,31222085946
2020-04-12,6971.091797,35759567632
2020-04-13,6845.037598,38619308647
2020-04-14,6842.427734,34110434051
2020-04-15,6642.109863,32288311030
2020-04-16,7116.804199,46783242376
2020-04-17,7096.184570,32513423567
2020-04-18,7257.665039,32447188385
2020-04-19,7189.424805,31311210215
2020-04-20,6881.958496,37747113935
2020-04-21,6880.323242,32589741510
2020-04-22,7117.207520,33249153865
2020-04-23,7429.724609,43500782316
2020-04-24,7550.900879,34636526285
2020-04-25,7569.936035,32941541446
2020-04-26,7679.867188,33070154490
2020-04-27,7795.601074,36162144724
2020-04-28,7807.058594,33187959920
2020-04-29,8801.038086,60201052202
2020-04-30,8658.553711,66964629541
2020-05-01,8864.766602,44068389996
2020-05-02,8988.596680,40134388683
2020-05-03,8897.468750,47101785174
2020-05-04,8912.654297,45718796275
2020-05-05,9003.070313,43148462663
2020-05-06,9268.761719,49371886931
2020-05-07,9951.518555,61112700562
2020-05-08,9842.666016,51780748041
2020-05-09,9593.896484,46566121841
2020-05-10,8756.430664,63325279336
2020-05-11,8601.795898,57119858801
2020-05-12,8804.477539,42142717533
2020-05-13,9269.987305,45558144023
2020-05-14,9733.721680,56426907637
2020-05-15,9328.197266,48158802327
2020-05-16,9377.013672,36164766407
2020-05-17,9670.739258,40084250662
2020-05-18,9726.575195,41827139895
2020-05-19,9729.038086,39254288954
2020-05-20,9522.981445,36546239702
2020-05-21,9081.761719,39326160532
2020-05-22,9182.577148,29810773699
2020-05-23,9209.287109,27727866811
2020-05-24,8790.368164,32518803299
2020-05-25,8906.934570,31288157264
2020-05-26,8835.052734,29584186947
2020-05-27,9181.017578,32740536902
2020-05-28,9525.750977,34367073114
2020-05-29,9439.124023,32896642044
2020-05-30,9700.414063,32722975141
2020-05-31,9461.058594,27773290298
2020-06-01,10167.268555,35198901068
2020-06-02,9529.803711,39137252108
2020-06-03,9656.717773,25007459262
2020-06-04,9800.636719,25921805071
2020-06-05,9665.533203,23509628646
2020-06-06,9653.679688,20438419222
2020-06-07,9758.852539,25015250845
2020-06-08,9771.489258,21486346311
2020-06-09,9795.700195,23717842782
2020-06-10,9870.094727,25706567600
2020-06-11,9321.781250,30247143440
2020-06-12,9480.843750,22610564515
2020-06-13,9475.277344,17564322315
2020-06-14,9386.788086,18991732745
2020-06-15,9450.702148,26699704768
2020-06-16,9538.024414,21565537208
2020-06-17,9480.254883,20177709879
2020-06-18,9411.840820,17770083002
2020-06-19,9288.018555,19632223107
2020-06-20,9332.340820,17130541557
2020-06-21,9303.629883,15324301168
2020-06-22,9648.717773,21104009513
2020-06-23,9629.658203,17006433272
2020-06-24,9313.610352,18961716075
2020-06-25,9264.813477,18616048626
2020-06-26,9162.917969,18341465836
2020-06-27,9045.390625,17273093144
2020-06-28,9143.582031,14560870760
2020-06-29,9190.854492,16460547078
2020-06-30,9137.993164,15735797743
2020-07-01,9228.325195,15971550355
2020-07-02,9123.410156,16338916796
2020-07-03,9087.303711,13078970998
2020-07-04,9132.488281,12290528515
2020-07-05,9073.942383,12903406143
2020-07-06,9375.474609,17889263251
2020-07-07,9252.277344,13839652594
2020-07-08,9428.333008,19702359882
2020-07-09,9277.967773,18000702524
2020-07-10,9278.807617,16860035604
2020-07-11,9240.346680,13249910444
2020-07-12,9276.500000,14452361906
2020-07-13,9243.614258,17519821266
2020-07-14,9243.213867,18085038362
2020-07-15,9192.836914,15844731575
2020-07-16,9132.227539,15713967522
2020-07-17,9151.392578,13944570749
2020-07-18,9159.040039,12252601474
2020-07-19,9185.817383,12939002784
2020-07-20,9164.231445,13755604145
2020-07-21,9374.887695,18069581955
2020-07-22,9525.363281,16532254884
2020-07-23,9581.072266,18146399002
2020-07-24,9536.892578,16552768325
2020-07-25,9677.113281,16610070933
2020-07-26,9905.166992,20507998997
2020-07-27,10990.873047,35359749590
2020-07-28,10912.823242,28766551142
2020-07-29,11100.467773,24617249715
2020-07-30,11111.213867,22857247901
2020-07-31,11323.466797,23160469766
2020-08-01,11759.592773,26075670303
2020-08-02,11053.614258,27410067336
2020-08-03,11246.348633,20271713443
2020-08-04,null,null
2020-08-05,11747.022461,24411254471
2020-08-06,11779.773438,23400740340
2020-08-07,11601.472656,23132312867
2020-08-08,11754.045898,17572057837
2020-08-09,11675.739258,17489608833
2020-08-10,11878.111328,26114112569
2020-08-11,11410.525391,27039782640
2020-08-12,11584.934570,25064548486
2020-08-13,11784.137695,27522199497
2020-08-14,11768.871094,24237958589
2020-08-15,11865.698242,23354924400
2020-08-16,11892.803711,20583375490
2020-08-17,12254.402344,28227687027
2020-08-18,11991.233398,26043227672
2020-08-19,11758.283203,24502851117
2020-08-20,11878.372070,20175242945
2020-08-21,11592.489258,23762425999
2020-08-22,11681.825195,20224191306
2020-08-23,11664.847656,18482062658
2020-08-24,11774.595703,20681511755
2020-08-25,11366.134766,26301509932
2020-08-26,11488.363281,22466660958
2020-08-27,11323.397461,23240415076
2020-08-28,11542.500000,19807127588
2020-08-29,11506.865234,17485597759
2020-08-30,11711.505859,19760127945
2020-08-31,11680.820313,22285928250
2020-09-01,11970.478516,27311555343
2020-09-02,11414.034180,28037405299
2020-09-03,10245.296875,31927261555
2020-09-04,10511.813477,29965130374
2020-09-05,10169.567383,44916565292
2020-09-06,10280.351563,37071460174
2020-09-07,10369.563477,33703098409
2020-09-08,10131.516602,33430927462
2020-09-09,10242.347656,24128292755
2020-09-10,10363.138672,54406443211
2020-09-11,10400.915039,45201121775
2020-09-12,10442.170898,36750077324
2020-09-13,10323.755859,36506852789
2020-09-14,10680.837891,35453581940
2020-09-15,10796.951172,32509451925
2020-09-16,10974.905273,30769986455
2020-09-17,10948.990234,38151810523
2020-09-18,10944.585938,26341903912
2020-09-19,11094.346680,22764204008
2020-09-20,10938.271484,24699523788
2020-09-21,10462.259766,28884999244
2020-09-22,10538.459961,23621787804
2020-09-23,10225.864258,22986733997
2020-09-24,10745.548828,23017536742
2020-09-25,10702.290039,21232549821
2020-09-26,10754.437500,18105012128
2020-09-27,10774.426758,18016880214
2020-09-28,10912.536133,21226530816